{
    "pair": "BTCUSDT",
    "time": 1639526400,
    "open": 48250.0,
    "high": 49500.0,
    "low": 46601.0,
    "close": 48820.0,
    "volume": 199.490950394233,
    "total": 9634561.91977406,
    "average": 48295.73,
    "dailyChangeAmount": 570.0,
    "dailyChangePercentage": 1.18
}